                  epoch,         train/box_loss,         train/cls_loss,         train/dfl_loss,   metrics/precision(B),      metrics/recall(B),       metrics/mAP50(B),    metrics/mAP50-95(B),           val/box_loss,           val/cls_loss,           val/dfl_loss,                 lr/pg0,                 lr/pg1,                 lr/pg2
                      0,                 3.4625,                 3.4226,                 2.6066,                0.57138,                0.20085,                0.18368,                0.08349,                 2.0278,                 1.3478,                 1.2987,               0.070052,              0.0033276,              0.0033276
                      1,                 1.8751,                 1.2476,                 1.2008,                0.70164,                0.27874,                 0.2977,                0.13875,                 1.7143,                 1.0348,                 1.0761,               0.040025,              0.0066345,              0.0066345
                      2,                 1.6366,                 1.0313,                 1.0722,                0.59717,                0.33055,                0.36471,                0.19731,                 1.4032,                0.84297,                0.97995,              0.0099727,              0.0099151,              0.0099151
                      3,                  1.453,                0.88298,                 1.0034,                0.68068,                0.37925,                0.42158,                0.23902,                 1.2564,                0.74391,                0.94021,              0.0098812,              0.0098812,              0.0098812
                      4,                   1.31,                 0.7644,                0.96099,                0.69369,                0.40131,                0.45879,                0.26054,                 1.1992,                0.67992,                0.91729,              0.0098812,              0.0098812,              0.0098812
                      5,                  1.232,                0.70229,                0.93776,                0.72798,                0.41048,                0.46614,                0.26798,                 1.1512,                0.63124,                0.89597,              0.0098416,              0.0098416,              0.0098416
                      6,                 1.1806,                0.66017,                0.92316,                0.69026,                0.45557,                 0.4976,                0.29718,                 1.0663,                0.58722,                0.88428,               0.009802,               0.009802,               0.009802
                      7,                  1.143,                0.62992,                 0.9128,                0.73019,                0.45841,                0.51718,                 0.3179,                 1.0217,                0.55806,                0.87618,              0.0097624,              0.0097624,              0.0097624
                      8,                 1.1113,                0.60913,                0.90609,                0.71258,                0.45512,                0.51199,                0.31528,                 1.0204,                0.55445,                0.87252,              0.0097228,              0.0097228,              0.0097228
                      9,                 1.0873,                 0.5906,                0.90083,                0.71727,                0.46838,                0.52611,                0.32505,                0.99237,                0.53835,                0.86727,              0.0096832,              0.0096832,              0.0096832
                     10,                 1.0723,                0.57695,                0.89601,                0.73374,                0.47389,                0.52609,                0.32751,                0.97088,                0.51731,                0.86068,              0.0096436,              0.0096436,              0.0096436
                     11,                 1.0518,                0.56099,                0.88902,                0.73099,                 0.4782,                0.53104,                0.33339,                0.96907,                0.50986,                0.85789,               0.009604,               0.009604,               0.009604
                     12,                 1.0345,                0.54975,                0.88557,                0.71894,                0.49234,                0.54273,                0.34325,                0.95266,                0.50045,                0.85597,              0.0095644,              0.0095644,              0.0095644
                     13,                 1.0193,                0.53707,                0.88338,                0.74474,                0.48308,                0.54393,                0.34905,                0.93546,                0.49207,                0.85287,              0.0095248,              0.0095248,              0.0095248
                     14,                 1.0131,                0.53548,                 0.8803,                0.74144,                0.49276,                0.54769,                0.34843,                0.92526,                0.48188,                0.85071,              0.0094852,              0.0094852,              0.0094852
                     15,                  1.007,                 0.5287,                0.87736,                0.74659,                0.49682,                0.55932,                0.35884,                0.91397,                0.47773,                0.84783,              0.0094456,              0.0094456,              0.0094456
                     16,                0.98859,                 0.5168,                0.87394,                0.74784,                0.49955,                0.55274,                0.34899,                0.91303,                0.47312,                0.84499,               0.009406,               0.009406,               0.009406
                     17,                0.98428,                0.51435,                0.87361,                0.75013,                 0.4933,                0.55241,                0.35165,                0.91563,                0.47183,                0.84493,              0.0093664,              0.0093664,              0.0093664
                     18,                0.97556,                0.50789,                0.87024,                0.74331,                0.50113,                0.55771,                 0.3601,                0.89753,                 0.4603,                0.84207,              0.0093268,              0.0093268,              0.0093268
                     19,                0.96858,                0.50231,                0.86948,                0.76538,                 0.5012,                0.56889,                0.36925,                0.88934,                0.45908,                0.84149,              0.0092872,              0.0092872,              0.0092872
                     20,                0.96155,                0.49549,                0.86786,                0.75653,                0.50924,                0.57045,                0.36662,                0.89542,                 0.4514,                0.84175,              0.0092476,              0.0092476,              0.0092476
                     21,                0.95968,                0.49675,                0.86701,                0.75941,                0.50742,                0.57358,                0.37501,                0.87709,                0.44541,                0.83831,               0.009208,               0.009208,               0.009208
                     22,                0.95106,                0.49175,                0.86488,                0.76337,                0.51226,                0.57756,                0.37464,                 0.8661,                0.43975,                0.83704,              0.0091684,              0.0091684,              0.0091684
                     23,                0.95048,                0.48823,                 0.8655,                 0.7552,                0.51039,                0.57489,                0.37598,                0.86605,                0.44089,                0.83708,              0.0091288,              0.0091288,              0.0091288
                     24,                0.94265,                0.48391,                0.86074,                0.77028,                0.51365,                 0.5818,                0.37901,                0.86474,                0.43785,                0.83738,              0.0090892,              0.0090892,              0.0090892
                     25,                0.93916,                0.48254,                0.86117,                0.76196,                0.51544,                0.58563,                0.38074,                0.86227,                0.43528,                0.83509,              0.0090496,              0.0090496,              0.0090496
                     26,                0.93491,                0.47827,                0.86181,                0.76706,                0.51305,                0.57722,                0.37813,                0.85452,                0.43236,                0.83389,                0.00901,                0.00901,                0.00901
                     27,                0.92999,                0.47549,                 0.8606,                0.77321,                 0.5123,                0.58357,                0.38246,                0.86095,                0.42904,                0.83489,              0.0089704,              0.0089704,              0.0089704
                     28,                0.92831,                0.47309,                0.85769,                 0.7585,                0.51585,                0.57914,                0.38045,                0.85509,                0.42727,                0.83303,              0.0089308,              0.0089308,              0.0089308
                     29,                0.92312,                0.46957,                0.85763,                0.76485,                0.52213,                0.58733,                0.38695,                0.84684,                0.42259,                0.83161,              0.0088912,              0.0088912,              0.0088912
                     30,                0.91942,                0.46862,                 0.8582,                0.76825,                0.52221,                0.58864,                0.38709,                0.83923,                0.41992,                0.83173,              0.0088516,              0.0088516,              0.0088516
                     31,                0.91767,                0.46659,                0.85764,                0.77922,                0.52014,                0.59025,                0.38997,                0.83782,                0.41712,                0.82971,               0.008812,               0.008812,               0.008812
                     32,                0.90965,                0.46206,                0.85443,                0.77056,                 0.5233,                0.59252,                0.39409,                0.83259,                0.41459,                 0.8298,              0.0087724,              0.0087724,              0.0087724
                     33,                0.90795,                0.46206,                0.85535,                0.77538,                0.52113,                0.59125,                0.39113,                0.83172,                0.41338,                0.82972,              0.0087328,              0.0087328,              0.0087328
                     34,                0.90853,                0.46023,                0.85518,                0.77221,                0.52306,                 0.5951,                0.39523,                0.83014,                0.40931,                0.82789,              0.0086932,              0.0086932,              0.0086932
                     35,                0.90278,                0.45656,                0.85488,                0.77238,                0.52314,                0.59537,                0.39722,                0.82757,                0.40934,                0.82791,              0.0086536,              0.0086536,              0.0086536
                     36,                 0.9024,                0.45729,                0.85389,                0.76807,                0.53319,                  0.598,                0.39801,                0.82033,                 0.4056,                0.82689,               0.008614,               0.008614,               0.008614
                     37,                0.89782,                0.45175,                0.85324,                0.76998,                0.53114,                0.60141,                0.39963,                0.82232,                0.40332,                0.82658,              0.0085744,              0.0085744,              0.0085744
                     38,                0.89634,                  0.451,                0.85226,                0.77247,                 0.5281,                0.60162,                0.40037,                0.81786,                0.40284,                0.82583,              0.0085348,              0.0085348,              0.0085348
                     39,                0.89352,                0.45076,                0.85047,                 0.7677,                0.53186,                0.60118,                0.40027,                0.81932,                0.40097,                0.82636,              0.0084952,              0.0084952,              0.0084952
                     40,                0.88848,                0.44868,                 0.8504,                0.77168,                0.53451,                 0.6034,                0.40194,                0.81402,                0.39741,                0.82515,              0.0084556,              0.0084556,              0.0084556
                     41,                0.89084,                0.44879,                0.84989,                0.77404,                0.53404,                0.60665,                0.40356,                0.81538,                0.39843,                0.82493,               0.008416,               0.008416,               0.008416
                     42,                0.89095,                0.44696,                0.85179,                0.78077,                0.53299,                0.60469,                0.40301,                0.81019,                0.39558,                0.82485,              0.0083764,              0.0083764,              0.0083764
                     43,                0.88455,                0.44669,                0.84993,                0.77563,                 0.5405,                0.60749,                 0.4056,                0.80684,                0.39301,                0.82462,              0.0083368,              0.0083368,              0.0083368
                     44,                0.88007,                0.44404,                0.84891,                0.78115,                 0.5364,                0.60838,                0.40638,                 0.8074,                0.39286,                0.82415,              0.0082972,              0.0082972,              0.0082972
                     45,                0.88298,                0.44274,                0.84878,                 0.7919,                0.53214,                0.60853,                0.40644,                0.79931,                0.39034,                0.82326,              0.0082576,              0.0082576,              0.0082576
                     46,                0.87914,                0.44194,                0.84879,                0.77583,                0.53859,                0.60955,                0.40723,                0.80454,                0.38988,                0.82341,               0.008218,               0.008218,               0.008218
                     47,                0.87737,                0.44078,                0.84753,                0.77182,                0.53944,                0.60806,                 0.4081,                0.79987,                 0.3886,                0.82315,              0.0081784,              0.0081784,              0.0081784
                     48,                0.87691,                0.43939,                0.84662,                0.78901,                0.53418,                0.61007,                0.40853,                0.79922,                0.38677,                0.82311,              0.0081388,              0.0081388,              0.0081388
                     49,                0.87125,                0.43531,                0.84754,                0.79006,                0.53801,                0.61322,                0.41175,                0.79741,                0.38582,                0.82231,              0.0080992,              0.0080992,              0.0080992
                     50,                0.87024,                0.43535,                0.84734,                0.78963,                0.53934,                0.61603,                0.41302,                0.79694,                0.38439,                0.82169,              0.0080596,              0.0080596,              0.0080596
                     51,                0.87075,                0.43441,                0.84621,                0.78347,                 0.5381,                0.61463,                0.41355,                0.79567,                0.38504,                0.82194,                0.00802,                0.00802,                0.00802
                     52,                0.86771,                0.43234,                 0.8449,                0.77442,                0.54691,                0.61641,                0.41338,                0.79696,                 0.3831,                0.82104,              0.0079804,              0.0079804,              0.0079804
                     53,                0.86683,                0.43215,                0.84572,                0.77642,                0.54044,                 0.6147,                0.41402,                0.79125,                0.38199,                0.82004,              0.0079408,              0.0079408,              0.0079408
                     54,                0.86552,                 0.4311,                0.84519,                 0.7727,                0.54283,                0.61447,                0.41443,                0.78946,                0.38089,                0.81969,              0.0079012,              0.0079012,              0.0079012
                     55,                0.86135,                0.42957,                0.84405,                 0.7764,                0.54461,                0.61659,                0.41579,                0.78961,                0.37986,                0.82014,              0.0078616,              0.0078616,              0.0078616
                     56,                0.85833,                0.42981,                0.84302,                0.77505,                 0.5476,                0.61557,                0.41518,                0.78812,                0.38049,                0.81954,               0.007822,               0.007822,               0.007822
                     57,                0.86205,                0.42966,                0.84541,                0.77942,                0.54788,                0.61885,                0.41749,                0.78846,                0.37929,                0.81922,              0.0077824,              0.0077824,              0.0077824
                     58,                0.85629,                0.42626,                 0.8428,                0.78131,                0.54969,                 0.6206,                0.41694,                0.78782,                0.37837,                0.81941,              0.0077428,              0.0077428,              0.0077428
                     59,                0.85782,                0.42721,                0.84372,                0.78632,                0.54882,                0.62097,                 0.4197,                0.78486,                0.37762,                0.81895,              0.0077032,              0.0077032,              0.0077032
                     60,                0.85353,                 0.4234,                0.84126,                0.78577,                0.54888,                0.62127,                0.41906,                0.78235,                0.37514,                0.81842,              0.0076636,              0.0076636,              0.0076636
                     61,                0.85461,                0.42483,                0.84235,                0.79376,                0.54251,                0.62091,                0.41869,                0.78196,                0.37455,                0.81799,               0.007624,               0.007624,               0.007624
                     62,                0.85109,                0.42368,                0.84308,                0.78489,                0.55106,                0.62203,                0.41959,                 0.7824,                0.37344,                0.81817,              0.0075844,              0.0075844,              0.0075844
                     63,                0.85303,                0.42505,                0.84218,                0.78934,                 0.5498,                0.62364,                0.42089,                0.78078,                0.37242,                0.81792,              0.0075448,              0.0075448,              0.0075448
                     64,                0.84968,                0.42207,                0.84269,                0.78768,                0.55051,                0.62349,                0.42054,                0.78056,                0.37194,                0.81779,              0.0075052,              0.0075052,              0.0075052
                     65,                0.84765,                 0.4216,                0.84152,                0.78707,                0.55113,                0.62386,                0.42103,                0.77828,                0.37131,                0.81735,              0.0074656,              0.0074656,              0.0074656
                     66,                0.84826,                0.42044,                0.84132,                0.78185,                0.55253,                0.62435,                0.42219,                0.77801,                0.37032,                 0.8172,               0.007426,               0.007426,               0.007426
                     67,                0.84441,                0.41966,                0.84149,                0.78327,                0.55258,                0.62555,                0.42377,                0.77699,                 0.3703,                  0.817,              0.0073864,              0.0073864,              0.0073864
                     68,                0.84225,                0.41772,                0.84132,                0.77885,                0.55622,                0.62566,                0.42312,                0.77728,                0.36988,                0.81705,              0.0073468,              0.0073468,              0.0073468
                     69,                0.84148,                0.41712,                0.84045,                0.78444,                0.55348,                 0.6275,                 0.4243,                0.77465,                0.36852,                0.81641,              0.0073072,              0.0073072,              0.0073072
                     70,                0.84144,                 0.4164,                0.84078,                0.78564,                 0.5522,                0.62746,                0.42493,                0.77374,                0.36777,                0.81632,              0.0072676,              0.0072676,              0.0072676
                     71,                0.83661,                0.41635,                0.84051,                0.78192,                0.55476,                0.62658,                0.42487,                0.77355,                0.36846,                0.81609,               0.007228,               0.007228,               0.007228
                     72,                0.83664,                 0.4141,                 0.8387,                0.78073,                0.55659,                0.62819,                0.42652,                0.77226,                0.36694,                0.81606,              0.0071884,              0.0071884,              0.0071884
                     73,                0.83461,                 0.4143,                0.83704,                0.78364,                0.55621,                0.62849,                0.42646,                0.77225,                0.36662,                0.81596,              0.0071488,              0.0071488,              0.0071488
                     74,                0.83505,                0.41425,                0.83901,                0.77871,                0.55922,                0.62943,                0.42679,                0.76998,                0.36593,                0.81574,              0.0071092,              0.0071092,              0.0071092
                     75,                0.83269,                0.41369,                0.83887,                0.78366,                0.55535,                0.62986,                0.42701,                0.76911,                0.36526,                0.81577,              0.0070696,              0.0070696,              0.0070696
                     76,                0.83215,                0.41213,                0.83831,                0.78008,                0.55547,                0.62951,                0.42717,                 0.7689,                0.36447,                 0.8155,                0.00703,                0.00703,                0.00703
                     77,                0.83182,                  0.411,                 0.8387,                0.78614,                0.55372,                0.62966,                0.42795,                0.76915,                 0.3642,                0.81531,              0.0069904,              0.0069904,              0.0069904
                     78,                0.83299,                0.41135,                 0.8404,                0.78427,                0.55563,                0.63075,                0.42811,                0.76758,                0.36374,                0.81526,              0.0069508,              0.0069508,              0.0069508
                     79,                0.82985,                0.40994,                0.83896,                0.78206,                0.55831,                0.63188,                0.42908,                 0.7666,                0.36259,                0.81515,              0.0069112,              0.0069112,              0.0069112
                     80,                0.82243,                0.40677,                0.83804,                0.78502,                0.55644,                0.63234,                0.42971,                0.76514,                0.36177,                0.81512,              0.0068716,              0.0068716,              0.0068716
                     81,                0.82356,                0.40676,                0.83823,                0.78354,                0.55708,                0.63279,                0.43016,                0.76397,                0.36136,                0.81469,               0.006832,               0.006832,               0.006832
                     82,                0.82423,                0.40821,                0.83761,                0.78698,                0.55575,                0.63314,                0.43112,                0.76247,                 0.3605,                0.81445,              0.0067924,              0.0067924,              0.0067924
                     83,                 0.8249,                0.40749,                  0.836,                0.78651,                0.55534,                0.63169,                0.43113,                0.76211,                0.36008,                0.81437,              0.0067528,              0.0067528,              0.0067528
                     84,                0.82314,                 0.4054,                0.83776,                0.79134,                0.55609,                0.63347,                0.43138,                0.76162,                0.35942,                0.81432,              0.0067132,              0.0067132,              0.0067132
                     85,                0.81818,                0.40224,                0.83551,                0.78771,                0.55729,                0.63397,                0.43232,                0.76035,                0.35902,                0.81411,              0.0066736,              0.0066736,              0.0066736
                     86,                0.81744,                0.40451,                0.83778,                0.78628,                0.55875,                0.63457,                0.43228,                0.75924,                0.35815,                0.81401,               0.006634,               0.006634,               0.006634
                     87,                0.81635,                0.40241,                 0.8359,                0.78683,                0.55829,                0.63505,                0.43221,                0.75845,                0.35808,                0.81389,              0.0065944,              0.0065944,              0.0065944
                     88,                 0.8185,                 0.4022,                0.83583,                0.78942,                0.55679,                0.63549,                0.43222,                0.75771,                0.35812,                0.81383,              0.0065548,              0.0065548,              0.0065548
                     89,                0.81633,                0.40216,                0.83639,                0.78869,                0.55844,                0.63551,                0.43306,                0.75693,                0.35763,                0.81369,              0.0065152,              0.0065152,              0.0065152
                     90,                0.81352,                0.40104,                0.83521,                0.78783,                 0.5601,                0.63655,                 0.4337,                0.75606,                0.35674,                0.81356,              0.0064756,              0.0064756,              0.0064756
                     91,                0.80999,                0.39905,                0.83463,                  0.787,                0.55949,                0.63675,                0.43388,                0.75564,                0.35631,                0.81339,               0.006436,               0.006436,               0.006436
                     92,                0.80887,                0.40005,                0.83359,                0.78656,                0.55886,                0.63678,                0.43409,                0.75614,                0.35622,                0.81339,              0.0063964,              0.0063964,              0.0063964
                     93,                0.81017,                0.39821,                0.83514,                0.78663,                0.55819,                0.63608,                0.43383,                0.75543,                0.35561,                0.81323,              0.0063568,              0.0063568,              0.0063568
                     94,                0.80942,                0.39945,                0.83483,                 0.7897,                0.55859,                0.63653,                0.43428,                0.75437,                0.35517,                0.81313,              0.0063172,              0.0063172,              0.0063172
                     95,                0.80573,                0.39744,                0.83518,                0.78606,                0.55988,                0.63676,                  0.435,                0.75338,                0.35504,                0.81306,              0.0062776,              0.0062776,              0.0062776
                     96,                0.80735,                0.39733,                0.83418,                0.78706,                0.56052,                0.63753,                0.43573,                0.75257,                0.35457,                0.81304,               0.006238,               0.006238,               0.006238
                     97,                0.80256,                0.39506,                0.83526,                0.78748,                0.56059,                0.63774,                0.43664,                0.75167,                0.35385,                 0.8129,              0.0061984,              0.0061984,              0.0061984
                     98,                0.80586,                 0.3954,                0.83498,                0.78779,                0.55894,                 0.6377,                0.43721,                0.75096,                0.35392,                0.81277,              0.0061588,              0.0061588,              0.0061588
                     99,                0.80286,                0.39519,                0.83419,                0.78981,                0.55878,                0.63808,                0.43744,                0.75015,                0.35367,                0.81268,              0.0061192,              0.0061192,              0.0061192
                    100,                0.79951,                 0.3932,                0.83227,                0.79341,                0.55899,                0.63838,                0.43772,                0.74947,                0.35314,                0.81258,              0.0060796,              0.0060796,              0.0060796
                    101,                0.80124,                0.39288,                0.83441,                0.79367,                0.55807,                0.63841,                 0.4382,                0.74897,                0.35272,                0.81249,                0.00604,                0.00604,                0.00604
                    102,                0.79863,                0.39367,                0.83487,                0.79307,                0.55808,                0.63836,                 0.4384,                0.74851,                0.35274,                0.81245,              0.0060004,              0.0060004,              0.0060004
                    103,                 0.7988,                0.39139,                 0.8331,                0.79281,                0.55884,                0.63862,                0.43837,                0.74816,                0.35215,                0.81241,              0.0059608,              0.0059608,              0.0059608
                    104,                0.79633,                0.39298,                0.83157,                0.79277,                 0.5589,                0.63861,                0.43867,                0.74753,                0.35188,                0.81233,              0.0059212,              0.0059212,              0.0059212
                    105,                0.79571,                0.39045,                0.83273,                0.79356,                0.55875,                0.63918,                0.43877,                0.74711,                0.35165,                0.81229,              0.0058816,              0.0058816,              0.0058816
                    106,                0.79108,                 0.3896,                0.83157,                0.79172,                0.55991,                0.63962,                0.43931,                0.74634,                0.35115,                0.81213,               0.005842,               0.005842,               0.005842
                    107,                0.79479,                0.39077,                0.83349,                0.79391,                0.56005,                0.63976,                0.43955,                0.74559,                0.35076,                0.81205,              0.0058024,              0.0058024,              0.0058024
                    108,                0.78787,                0.38693,                0.83181,                0.79329,                0.56063,                0.64027,                0.43981,                0.74577,                0.35099,                0.81198,              0.0057628,              0.0057628,              0.0057628
                    109,                  0.788,                0.38891,                 0.8318,                0.79516,                0.55991,                0.64027,                0.44012,                0.74499,                0.35077,                 0.8119,              0.0057232,              0.0057232,              0.0057232
                    110,                0.78952,                0.38703,                0.83072,                 0.7945,                0.56043,                0.64035,                0.44064,                0.74423,                0.35024,                0.81182,              0.0056836,              0.0056836,              0.0056836
                    111,                 0.7846,                0.38674,                0.83181,                0.79548,                0.56036,                0.64058,                0.44087,                0.74389,                0.35025,                0.81176,               0.005644,               0.005644,               0.005644
                    112,                0.78932,                0.38816,                0.83099,                0.79545,                0.56139,                0.64143,                0.44139,                0.74341,                0.35015,                0.81174,              0.0056044,              0.0056044,              0.0056044
                    113,                0.78604,                0.38596,                 0.8313,                0.79438,                0.56133,                0.64092,                0.44112,                0.74301,                 0.3501,                 0.8117,              0.0055648,              0.0055648,              0.0055648
                    114,                0.78318,                0.38426,                0.83035,                 0.7934,                0.56204,                0.64136,                0.44138,                0.74277,                0.34983,                0.81161,              0.0055252,              0.0055252,              0.0055252
                    115,                0.78287,                0.38524,                0.83166,                0.79463,                 0.5615,                0.64147,                0.44161,                0.74227,                0.34952,                0.81153,              0.0054856,              0.0054856,              0.0054856
                    116,                0.78523,                 0.3857,                0.83014,                0.79331,                0.56226,                0.64186,                0.44197,                0.74192,                0.34926,                0.81147,               0.005446,               0.005446,               0.005446
                    117,                0.77891,                0.38192,                 0.8294,                0.79422,                0.56213,                0.64192,                0.44254,                0.74132,                0.34907,                0.81144,              0.0054064,              0.0054064,              0.0054064
                    118,                 0.7816,                0.38249,                0.83153,                0.79371,                0.56208,                0.64193,                0.44256,                0.74138,                 0.3491,                0.81139,              0.0053668,              0.0053668,              0.0053668
                    119,                 0.7788,                0.38059,                0.82996,                0.79333,                0.56227,                0.64187,                 0.4425,                0.74118,                0.34886,                0.81136,              0.0053272,              0.0053272,              0.0053272
                    120,                0.77437,                0.38019,                0.82941,                0.79331,                 0.5625,                0.64198,                0.44268,                0.74085,                0.34891,                0.81126,              0.0052876,              0.0052876,              0.0052876
                    121,                0.77777,                0.38056,                0.82995,                0.79447,                0.56256,                0.64219,                0.44281,                0.74063,                0.34862,                 0.8112,               0.005248,               0.005248,               0.005248
                    122,                0.77572,                0.37971,                0.82954,                0.79491,                0.56214,                0.64226,                0.44269,                 0.7404,                0.34857,                0.81116,              0.0052084,              0.0052084,              0.0052084
                    123,                 0.7758,                0.38198,                0.83086,                0.79375,                 0.5617,                0.64192,                0.44311,                0.73991,                0.34815,                0.81113,              0.0051688,              0.0051688,              0.0051688
                    124,                0.77122,                0.37992,                0.83055,                0.79473,                0.56168,                0.64229,                0.44317,                0.73952,                0.34801,                0.81111,              0.0051292,              0.0051292,              0.0051292
                    125,                0.77283,                0.37876,                0.82843,                0.79502,                0.56171,                0.64227,                0.44352,                0.73902,                0.34799,                0.81103,              0.0050896,              0.0050896,              0.0050896
                    126,                0.77028,                0.37773,                0.82944,                0.79465,                0.56167,                0.64213,                0.44345,                0.73863,                0.34749,                0.81098,                0.00505,                0.00505,                0.00505
                    127,                0.77016,                0.37794,                 0.8283,                0.79551,                0.56186,                0.64228,                0.44374,                0.73817,                0.34756,                0.81092,              0.0050104,              0.0050104,              0.0050104
                    128,                0.77067,                0.37898,                 0.8284,                0.79495,                0.56185,                0.64225,                0.44375,                 0.7381,                0.34732,                0.81088,              0.0049708,              0.0049708,              0.0049708
                    129,                0.76823,                0.37635,                0.82829,                0.79558,                0.56168,                0.64233,                0.44389,                 0.7378,                0.34714,                0.81083,              0.0049312,              0.0049312,              0.0049312
                    130,                0.76808,                0.37651,                0.82982,                0.79574,                 0.5609,                0.64247,                0.44423,                0.73746,                0.34702,                0.81079,              0.0048916,              0.0048916,              0.0048916
                    131,                0.76815,                0.37626,                0.82863,                 0.7958,                0.56161,                0.64261,                0.44434,                0.73713,                0.34713,                0.81073,               0.004852,               0.004852,               0.004852
                    132,                0.76519,                0.37451,                0.82779,                0.79575,                0.56174,                0.64256,                0.44449,                0.73706,                0.34713,                0.81073,              0.0048124,              0.0048124,              0.0048124
                    133,                0.76478,                0.37461,                0.82859,                0.79483,                0.56142,                 0.6425,                0.44452,                0.73693,                0.34688,                 0.8107,              0.0047728,              0.0047728,              0.0047728
                    134,                0.76629,                0.37493,                0.82899,                0.79479,                0.56103,                 0.6425,                0.44443,                0.73692,                0.34678,                0.81067,              0.0047332,              0.0047332,              0.0047332
                    135,                0.76136,                 0.3728,                0.82608,                0.79518,                0.56102,                0.64256,                0.44457,                0.73685,                0.34669,                0.81067,              0.0046936,              0.0046936,              0.0046936
                    136,                 0.7613,                0.37405,                0.82774,                0.79491,                 0.5615,                0.64255,                0.44458,                0.73679,                0.34669,                0.81061,               0.004654,               0.004654,               0.004654
                    137,                0.75713,                 0.3719,                0.82723,                0.79515,                0.56098,                0.64255,                0.44443,                0.73664,                0.34677,                0.81059,              0.0046144,              0.0046144,              0.0046144
                    138,                 0.7581,                0.37277,                0.82689,                0.79538,                0.56123,                0.64292,                0.44472,                 0.7366,                0.34642,                0.81058,              0.0045748,              0.0045748,              0.0045748
                    139,                0.75987,                 0.3732,                0.82771,                0.79702,                0.56084,                0.64286,                0.44499,                0.73634,                0.34661,                0.81055,              0.0045352,              0.0045352,              0.0045352
                    140,                0.75749,                0.37077,                0.82638,                0.79651,                0.56081,                0.64258,                0.44513,                0.73609,                 0.3465,                0.81048,              0.0044956,              0.0044956,              0.0044956
                    141,                0.75386,                0.36941,                0.82742,                0.79454,                0.56176,                0.64289,                0.44497,                0.73587,                0.34634,                0.81042,               0.004456,               0.004456,               0.004456
                    142,                0.75567,                0.36984,                0.82643,                0.79624,                0.56131,                0.64308,                0.44526,                0.73561,                0.34624,                0.81039,              0.0044164,              0.0044164,              0.0044164
                    143,                0.75197,                0.36927,                 0.8251,                0.79671,                0.56179,                0.64381,                0.44546,                0.73536,                0.34617,                0.81037,              0.0043768,              0.0043768,              0.0043768
                    144,                0.75294,                0.36912,                0.82686,                0.79633,                0.56125,                0.64339,                0.44564,                0.73514,                0.34624,                0.81034,              0.0043372,              0.0043372,              0.0043372
                    145,                0.74766,                0.36633,                0.82568,                0.79575,                0.56159,                0.64385,                0.44602,                0.73471,                0.34607,                0.81031,              0.0042976,              0.0042976,              0.0042976
                    146,                0.75361,                0.36953,                0.82583,                0.79556,                0.56148,                 0.6439,                0.44602,                0.73475,                0.34619,                 0.8103,               0.004258,               0.004258,               0.004258
                    147,                0.75049,                0.36551,                0.82555,                0.79528,                0.56067,                0.64392,                0.44618,                0.73441,                0.34622,                0.81026,              0.0042184,              0.0042184,              0.0042184
                    148,                0.74891,                0.36653,                0.82562,                0.79521,                0.56058,                0.64396,                0.44648,                0.73422,                0.34617,                0.81023,              0.0041788,              0.0041788,              0.0041788
                    149,                0.74985,                0.36652,                0.82542,                0.79589,                0.56058,                0.64439,                0.44639,                0.73406,                0.34615,                0.81017,              0.0041392,              0.0041392,              0.0041392
                    150,                0.75185,                0.36594,                0.82508,                0.79478,                0.56103,                0.64432,                0.44653,                0.73411,                0.34634,                0.81018,              0.0040996,              0.0040996,              0.0040996
                    151,                0.74552,                0.36428,                0.82391,                0.79546,                0.56064,                0.64421,                0.44658,                0.73374,                0.34645,                0.81016,                0.00406,                0.00406,                0.00406
                    152,                0.74657,                 0.3643,                0.82598,                0.79636,                0.55974,                0.64419,                0.44679,                0.73361,                0.34654,                0.81015,              0.0040204,              0.0040204,              0.0040204
                    153,                0.74569,                0.36459,                0.82447,                0.79634,                 0.5598,                0.64444,                0.44677,                 0.7337,                0.34668,                0.81013,              0.0039808,              0.0039808,              0.0039808
                    154,                0.74559,                0.36392,                0.82412,                0.79537,                0.56026,                0.64481,                0.44699,                0.73353,                0.34658,                0.81009,              0.0039412,              0.0039412,              0.0039412
                    155,                0.74189,                0.36177,                 0.8245,                0.79539,                0.56005,                0.64476,                0.44728,                0.73348,                 0.3465,                0.81008,              0.0039016,              0.0039016,              0.0039016
                    156,                0.74115,                0.36307,                0.82397,                0.79503,                0.56081,                0.64521,                0.44734,                0.73344,                0.34655,                0.81004,               0.003862,               0.003862,               0.003862
                    157,                0.74147,                 0.3609,                0.82401,                0.79528,                0.56117,                0.64548,                0.44741,                0.73352,                0.34652,                0.81003,              0.0038224,              0.0038224,              0.0038224
                    158,                0.73921,                0.36034,                0.82582,                0.79605,                0.56078,                0.64544,                0.44739,                 0.7333,                0.34669,                0.80999,              0.0037828,              0.0037828,              0.0037828
                    159,                 0.7376,                 0.3603,                 0.8232,                0.79542,                0.56129,                0.64567,                0.44758,                0.73309,                0.34654,                0.80998,              0.0037432,              0.0037432,              0.0037432
                    160,                0.74225,                0.36145,                0.82475,                0.79498,                0.56149,                0.64589,                0.44755,                0.73322,                0.34646,                0.80996,              0.0037036,              0.0037036,              0.0037036
                    161,                0.73655,                0.36032,                0.82274,                0.79408,                0.56227,                0.64593,                0.44744,                0.73347,                0.34674,                0.80995,               0.003664,               0.003664,               0.003664
                    162,                0.73618,                0.35952,                0.82246,                0.79458,                0.56261,                0.64604,                0.44756,                0.73364,                0.34652,                0.80996,              0.0036244,              0.0036244,              0.0036244
                    163,                0.73776,                0.35939,                0.82368,                0.79423,                0.56281,                 0.6463,                0.44746,                0.73354,                0.34683,                0.80993,              0.0035848,              0.0035848,              0.0035848
                    164,                 0.7345,                0.35908,                0.82309,                0.79386,                0.56247,                0.64626,                 0.4475,                0.73359,                0.34678,                0.80992,              0.0035452,              0.0035452,              0.0035452
                    165,                0.73468,                0.35945,                0.82249,                0.79389,                0.56232,                0.64628,                0.44733,                0.73407,                0.34678,                0.80988,              0.0035056,              0.0035056,              0.0035056
                    166,                 0.7329,                0.35852,                0.82246,                 0.7928,                0.56255,                0.64627,                0.44741,                0.73401,                0.34695,                0.80988,               0.003466,               0.003466,               0.003466
                    167,                0.73262,                0.35748,                0.82317,                0.79252,                0.56299,                0.64632,                 0.4476,                0.73339,                 0.3468,                0.80982,              0.0034264,              0.0034264,              0.0034264
                    168,                0.73079,                0.35634,                0.82095,                0.79278,                0.56286,                0.64619,                0.44786,                0.73296,                0.34678,                0.80978,              0.0033868,              0.0033868,              0.0033868
                    169,                0.73198,                0.35746,                0.82284,                0.79229,                0.56278,                0.64663,                0.44804,                0.73235,                0.34643,                0.80974,              0.0033472,              0.0033472,              0.0033472
                    170,                0.73289,                0.35693,                0.82254,                0.79302,                0.56299,                0.64673,                0.44821,                 0.7324,                0.34649,                0.80971,              0.0033076,              0.0033076,              0.0033076
                    171,                0.72902,                0.35448,                0.82279,                 0.7929,                0.56372,                0.64686,                0.44822,                0.73201,                 0.3461,                0.80968,               0.003268,               0.003268,               0.003268
                    172,                0.72611,                0.35399,                0.82169,                0.79396,                0.56263,                0.64694,                0.44863,                0.73176,                0.34578,                0.80968,              0.0032284,              0.0032284,              0.0032284
                    173,                0.72785,                0.35456,                 0.8223,                0.79277,                0.56325,                0.64695,                0.44909,                0.73117,                0.34555,                0.80966,              0.0031888,              0.0031888,              0.0031888
                    174,                0.72792,                0.35474,                0.82173,                0.79302,                0.56345,                0.64729,                0.44927,                0.73052,                 0.3454,                0.80963,              0.0031492,              0.0031492,              0.0031492
                    175,                0.72126,                0.35154,                0.81967,                0.79331,                0.56342,                0.64732,                 0.4495,                0.73055,                0.34521,                0.80963,              0.0031096,              0.0031096,              0.0031096
                    176,                0.72355,                0.35222,                0.82086,                0.79447,                0.56282,                 0.6476,                0.44956,                0.73087,                0.34498,                0.80959,                0.00307,                0.00307,                0.00307
                    177,                 0.7253,                0.35156,                 0.8203,                0.79389,                0.56269,                0.64766,                0.44981,                0.73026,                0.34443,                0.80957,              0.0030304,              0.0030304,              0.0030304
                    178,                 0.7209,                  0.351,                0.82058,                0.79361,                0.56301,                 0.6478,                0.44988,                0.73025,                0.34401,                0.80953,              0.0029908,              0.0029908,              0.0029908
                    179,                0.72347,                 0.3529,                0.81973,                0.79481,                 0.5634,                 0.6483,                0.44979,                0.73032,                0.34394,                0.80952,              0.0029512,              0.0029512,              0.0029512
                    180,                0.71874,                0.34933,                 0.8199,                0.79441,                0.56334,                0.64865,                0.45008,                0.72986,                0.34343,                0.80949,              0.0029116,              0.0029116,              0.0029116
                    181,                0.72045,                0.34942,                0.82077,                0.79314,                0.56374,                0.64858,                0.45017,                0.72968,                0.34368,                0.80947,               0.002872,               0.002872,               0.002872
                    182,                0.71866,                0.34948,                0.82033,                0.79321,                0.56412,                 0.6488,                0.45046,                0.72936,                0.34337,                0.80947,              0.0028324,              0.0028324,              0.0028324
                    183,                0.71688,                0.35001,                0.81886,                0.79387,                0.56408,                0.64881,                0.45044,                0.72908,                0.34304,                 0.8094,              0.0027928,              0.0027928,              0.0027928
                    184,                0.71751,                0.34833,                0.81955,                0.79326,                0.56455,                0.64903,                0.45067,                0.72851,                0.34298,                0.80938,              0.0027532,              0.0027532,              0.0027532
                    185,                0.71463,                0.34794,                0.82093,                0.79412,                0.56427,                 0.6495,                0.45136,                0.72752,                0.34248,                0.80931,              0.0027136,              0.0027136,              0.0027136
                    186,                0.71448,                 0.3478,                0.82029,                0.79409,                0.56442,                0.64957,                0.45143,                0.72734,                0.34242,                0.80929,               0.002674,               0.002674,               0.002674
                    187,                0.71653,                 0.3476,                0.81894,                0.79393,                0.56413,                 0.6493,                0.45154,                0.72686,                0.34216,                0.80923,              0.0026344,              0.0026344,              0.0026344
                    188,                0.71215,                0.34633,                0.81892,                0.79387,                0.56501,                0.65002,                0.45182,                  0.727,                  0.342,                0.80922,              0.0025948,              0.0025948,              0.0025948
                    189,                0.71059,                0.34548,                0.81851,                0.79425,                0.56461,                0.64966,                0.45177,                0.72701,                0.34203,                0.80919,              0.0025552,              0.0025552,              0.0025552
                    190,                0.71082,                0.34495,                0.81776,                0.79315,                 0.5651,                0.64991,                0.45206,                0.72643,                0.34166,                0.80919,              0.0025156,              0.0025156,              0.0025156
                    191,                0.70913,                0.34522,                 0.8184,                 0.7938,                0.56561,                0.65024,                0.45194,                0.72665,                0.34164,                0.80915,               0.002476,               0.002476,               0.002476
                    192,                 0.7099,                0.34361,                 0.8185,                0.79563,                0.56536,                 0.6503,                0.45234,                 0.7264,                0.34155,                0.80914,              0.0024364,              0.0024364,              0.0024364
                    193,                0.70813,                0.34394,                0.81917,                0.79579,                0.56502,                0.65035,                  0.452,                0.72682,                0.34138,                0.80916,              0.0023968,              0.0023968,              0.0023968
                    194,                0.70574,                0.34184,                0.81871,                0.79497,                0.56536,                0.65073,                0.45232,                0.72657,                0.34126,                0.80911,              0.0023572,              0.0023572,              0.0023572
                    195,                0.70505,                0.34313,                 0.8182,                0.79463,                 0.5654,                0.65053,                0.45266,                 0.7262,                0.34123,                0.80906,              0.0023176,              0.0023176,              0.0023176
                    196,                 0.7059,                0.34309,                0.81816,                0.79517,                0.56548,                0.65065,                0.45274,                0.72574,                0.34107,                0.80905,               0.002278,               0.002278,               0.002278
                    197,                0.70471,                0.34207,                 0.8181,                0.79428,                0.56598,                0.65109,                0.45283,                 0.7256,                0.34108,                0.80902,              0.0022384,              0.0022384,              0.0022384
                    198,                0.70457,                0.34191,                0.81957,                0.79394,                0.56649,                0.65108,                0.45287,                0.72588,                0.34092,                  0.809,              0.0021988,              0.0021988,              0.0021988
                    199,                0.70302,                0.34082,                0.81903,                0.79518,                0.56613,                 0.6511,                0.45294,                0.72576,                0.34093,                  0.809,              0.0021592,              0.0021592,              0.0021592
                    200,                0.70322,                0.34051,                  0.818,                0.79553,                0.56594,                0.65128,                  0.453,                0.72567,                  0.341,                0.80896,              0.0021196,              0.0021196,              0.0021196
                    201,                0.70108,                0.33981,                0.81684,                0.79456,                0.56652,                 0.6516,                0.45324,                0.72596,                0.34084,                0.80894,                0.00208,                0.00208,                0.00208
                    202,                0.69799,                0.33854,                0.81653,                0.79522,                0.56689,                0.65158,                0.45333,                0.72545,                0.34068,                0.80892,              0.0020404,              0.0020404,              0.0020404
                    203,                0.69893,                0.33859,                0.81606,                0.79577,                0.56705,                0.65196,                0.45375,                0.72551,                0.34056,                0.80888,              0.0020008,              0.0020008,              0.0020008
                    204,                0.69661,                0.33862,                0.81682,                0.79576,                0.56736,                0.65198,                0.45388,                0.72527,                0.34042,                0.80885,              0.0019612,              0.0019612,              0.0019612
                    205,                0.69414,                0.33695,                0.81636,                 0.7962,                0.56715,                0.65197,                0.45394,                0.72545,                0.34047,                0.80882,              0.0019216,              0.0019216,              0.0019216
                    206,                0.69672,                0.33766,                0.81656,                0.79719,                0.56743,                0.65211,                0.45394,                0.72546,                 0.3407,                0.80883,               0.001882,               0.001882,               0.001882
                    207,                0.69465,                0.33675,                0.81742,                0.79735,                0.56778,                0.65239,                0.45416,                0.72527,                0.34045,                0.80877,              0.0018424,              0.0018424,              0.0018424
                    208,                0.69463,                0.33679,                0.81729,                0.79817,                0.56789,                0.65256,                0.45464,                0.72444,                0.34007,                0.80875,              0.0018028,              0.0018028,              0.0018028
                    209,                0.69176,                0.33453,                0.81552,                0.79676,                0.56851,                0.65283,                0.45458,                0.72444,                0.34023,                0.80873,              0.0017632,              0.0017632,              0.0017632
                    210,                0.69211,                0.33463,                0.81601,                0.79747,                0.56874,                  0.653,                0.45462,                0.72441,                0.34022,                0.80872,              0.0017236,              0.0017236,              0.0017236
                    211,                0.69187,                0.33484,                0.81585,                0.79831,                0.56884,                0.65326,                0.45503,                0.72409,                0.34017,                0.80867,               0.001684,               0.001684,               0.001684
                    212,                0.68792,                0.33415,                0.81591,                0.79647,                0.56927,                0.65335,                0.45564,                0.72378,                0.33993,                0.80862,              0.0016444,              0.0016444,              0.0016444
                    213,                0.68809,                0.33287,                0.81601,                0.79752,                0.56881,                0.65356,                0.45573,                0.72344,                0.33972,                 0.8086,              0.0016048,              0.0016048,              0.0016048
                    214,                0.68751,                0.33215,                0.81474,                0.79758,                 0.5692,                0.65371,                0.45603,                0.72326,                0.33961,                0.80857,              0.0015652,              0.0015652,              0.0015652
                    215,                0.68675,                0.33229,                0.81463,                0.79863,                0.56939,                0.65379,                0.45627,                0.72325,                0.33974,                0.80856,              0.0015256,              0.0015256,              0.0015256
                    216,                0.68568,                0.33225,                0.81512,                 0.7986,                0.56935,                0.65412,                0.45626,                0.72295,                0.33959,                0.80854,               0.001486,               0.001486,               0.001486
                    217,                  0.683,                 0.3309,                0.81514,                0.79919,                0.56926,                0.65424,                0.45639,                0.72295,                0.33956,                0.80853,              0.0014464,              0.0014464,              0.0014464
                    218,                0.68214,                0.32901,                 0.8152,                0.80099,                0.56903,                0.65445,                0.45659,                0.72299,                0.33968,                0.80849,              0.0014068,              0.0014068,              0.0014068
                    219,                0.68373,                0.33111,                0.81488,                0.80019,                0.56919,                0.65436,                0.45688,                0.72273,                0.33949,                 0.8085,              0.0013672,              0.0013672,              0.0013672
                    220,                0.68164,                0.33082,                0.81455,                0.80003,                0.56918,                0.65458,                0.45713,                0.72224,                0.33929,                0.80844,              0.0013276,              0.0013276,              0.0013276
                    221,                0.67862,                0.32842,                0.81417,                0.80029,                0.56943,                0.65448,                0.45713,                0.72214,                0.33909,                0.80843,               0.001288,               0.001288,               0.001288
                    222,                0.67783,                0.32756,                0.81497,                0.80036,                0.56914,                0.65459,                0.45732,                0.72216,                0.33917,                0.80841,              0.0012484,              0.0012484,              0.0012484
                    223,                0.67729,                0.32685,                0.81502,                0.80036,                0.56972,                0.65465,                0.45726,                0.72214,                0.33899,                0.80835,              0.0012088,              0.0012088,              0.0012088
                    224,                0.67732,                0.32656,                0.81424,                0.80033,                0.56985,                0.65463,                0.45735,                0.72221,                0.33891,                0.80833,              0.0011692,              0.0011692,              0.0011692
                    225,                0.67512,                0.32671,                0.81322,                0.80028,                0.56983,                0.65468,                0.45731,                 0.7222,                0.33882,                0.80831,              0.0011296,              0.0011296,              0.0011296
                    226,                 0.6761,                0.32593,                0.81391,                 0.8012,                0.56958,                0.65491,                0.45724,                 0.7221,                0.33883,                 0.8083,                0.00109,                0.00109,                0.00109
                    227,                0.67289,                0.32552,                0.81324,                0.80155,                0.56957,                0.65516,                0.45763,                0.72184,                0.33866,                0.80826,              0.0010504,              0.0010504,              0.0010504
                    228,                0.67162,                0.32373,                0.81356,                0.80008,                0.57054,                0.65498,                0.45756,                0.72194,                 0.3388,                0.80822,              0.0010108,              0.0010108,              0.0010108
                    229,                0.67118,                0.32502,                0.81199,                0.80125,                0.56943,                0.65517,                0.45781,                0.72179,                0.33878,                0.80821,              0.0009712,              0.0009712,              0.0009712
                    230,                0.66795,                 0.3239,                0.81251,                0.80059,                0.57065,                0.65549,                0.45786,                0.72152,                0.33871,                0.80818,              0.0009316,              0.0009316,              0.0009316
                    231,                0.67063,                0.32366,                0.81327,                0.80163,                0.57032,                0.65554,                 0.4579,                0.72135,                0.33883,                0.80814,               0.000892,               0.000892,               0.000892
                    232,                0.66629,                  0.321,                 0.8126,                0.80196,                0.57038,                0.65564,                0.45812,                0.72119,                 0.3389,                0.80812,              0.0008524,              0.0008524,              0.0008524
                    233,                0.66652,                 0.3207,                0.81198,                0.80093,                0.57081,                0.65581,                0.45818,                0.72121,                0.33876,                 0.8081,              0.0008128,              0.0008128,              0.0008128
                    234,                0.66724,                0.32227,                 0.8114,                 0.8013,                0.57079,                0.65593,                0.45805,                0.72103,                0.33873,                0.80807,              0.0007732,              0.0007732,              0.0007732
                    235,                 0.6692,                0.32371,                0.81414,                0.80254,                 0.5702,                0.65592,                0.45837,                0.72077,                0.33845,                0.80803,              0.0007336,              0.0007336,              0.0007336
                    236,                0.66701,                0.32127,                0.81184,                0.80283,                0.57037,                0.65633,                0.45857,                0.72072,                0.33867,                0.80803,               0.000694,               0.000694,               0.000694
                    237,                0.66408,                0.32097,                0.81205,                0.80262,                0.57104,                0.65634,                0.45868,                0.72075,                0.33852,                0.80798,              0.0006544,              0.0006544,              0.0006544
                    238,                0.66217,                0.31918,                0.80968,                0.80298,                0.57028,                0.65644,                0.45868,                0.72045,                 0.3385,                0.80795,              0.0006148,              0.0006148,              0.0006148
                    239,                0.66231,                 0.3185,                0.81112,                 0.8032,                0.57035,                0.65655,                0.45883,                0.72032,                0.33857,                 0.8079,              0.0005752,              0.0005752,              0.0005752
                    240,                0.66036,                0.31707,                 0.8116,                0.80296,                0.57039,                0.65655,                0.45896,                0.72035,                0.33833,                0.80786,              0.0005356,              0.0005356,              0.0005356
                    241,                0.65935,                0.31701,                0.81072,                0.80322,                0.57068,                 0.6569,                0.45886,                 0.7203,                0.33835,                0.80789,               0.000496,               0.000496,               0.000496
                    242,                0.65752,                0.31616,                0.81009,                0.80291,                 0.5706,                 0.6571,                0.45895,                0.72034,                0.33816,                0.80786,              0.0004564,              0.0004564,              0.0004564
                    243,                0.65836,                0.31693,                0.81052,                0.80335,                0.57038,                0.65712,                0.45913,                0.72003,                0.33826,                0.80783,              0.0004168,              0.0004168,              0.0004168
                    244,                0.65933,                0.31689,                0.81129,                0.80323,                0.57018,                0.65733,                0.45936,                0.71993,                  0.338,                0.80781,              0.0003772,              0.0003772,              0.0003772
                    245,                0.65937,                0.31638,                0.81048,                0.80289,                0.56991,                0.65743,                0.45966,                0.71976,                0.33821,                0.80778,              0.0003376,              0.0003376,              0.0003376
                    246,                0.65549,                0.31587,                 0.8112,                0.80301,                0.57014,                0.65771,                0.45961,                0.71992,                0.33836,                0.80775,               0.000298,               0.000298,               0.000298
                    247,                0.65446,                0.31414,                0.81216,                 0.8037,                 0.5703,                0.65784,                0.45984,                0.71985,                0.33807,                0.80773,              0.0002584,              0.0002584,              0.0002584
                    248,                0.65421,                0.31408,                0.80959,                 0.8041,                 0.5704,                0.65793,                0.45966,                0.71957,                0.33786,                 0.8077,              0.0002188,              0.0002188,              0.0002188
                    249,                0.65224,                0.31317,                0.81129,                0.80332,                0.57054,                0.65805,                0.45982,                0.71945,                0.33784,                0.80765,              0.0001792,              0.0001792,              0.0001792
